ResID,MaxSize,LossRate,FullCyc,OutTime,InTime,OutPace,InPace,ResSize,TimeLeft,CycTime,CycCount,Delta
A,115,0.01,40,3,37,38.33333333,3.108108108,115,40,0,0,0
B,150,0.01,40,3,37,50,4.054054054,150,40,0,0,0
C,115,0.01,40,3,37,38.33333333,3.108108108,115,40,0,0,0
D,115,0.01,40,3,37,38.33333333,3.108108108,115,40,0,0,0
E,115,0.01,30,3,27,38.33333333,4.259259259,115,30,0,0,0
F,115,0.01,40,3,37,38.33333333,3.108108108,115,40,0,0,0
JKL,1000,0.01,30,9,21,111.1111111,47.61904762,1000,30,0,0,0
MNO,1000,0.01,30,13,17,76.92307692,58.82352941,1000,30,0,0,0
PQ,1000,0.01,30,9,21,111.1111111,47.61904762,1000,30,0,0,0